,precision,recall,f1-score,support
0,0.9999784224486206,1.0,0.9999892111079114,1204930.0
1,1.0,0.999249790807052,0.9996247546472693,34657.0
accuracy,0.9999790252721269,0.9999790252721269,0.9999790252721269,0.9999790252721269
macro avg,0.9999892112243103,0.9996248954035261,0.9998069828775904,1239587.0
weighted avg,0.9999790257247102,0.9999790252721269,0.9999790214499394,1239587.0
