,precision,recall,f1-score,support
0,0.9501651749160008,0.4263225771579002,0.5885658851458181,1184033.0
1,0.04105278315818006,0.5234366562263744,0.076134397017356,55554.0
accuracy,0.43067489413812826,0.43067489413812826,0.43067489413812826,0.43067489413812826
macro avg,0.49560897903709045,0.4748796166921373,0.33235014108158706,1239587.0
weighted avg,0.9094219033169004,0.43067489413812826,0.5656004790133816,1239587.0
