,precision,recall,f1-score,support
0,0.9826570118472104,0.9999957771447249,0.9912505787041882,1184033.0
1,0.9998557498124747,0.6238434676170933,0.7683116076970826,55554.0
accuracy,0.9831379322306543,0.9831379322306543,0.9831379322306543,0.9831379322306543
macro avg,0.9912563808298426,0.8119196223809091,0.8797810932006354,1239587.0
weighted avg,0.9834277997700608,0.9831379322306543,0.9812592254588502,1239587.0
