,precision,recall,f1-score,support
0,0.973211704667399,0.5727768418082378,0.7211348724167134,1204930.0
1,0.029522994378188425,0.4518567677525464,0.05542470150825265,34657.0
accuracy,0.569396097248519,0.569396097248519,0.569396097248519,0.569396097248519
macro avg,0.5013673495227937,0.5123168047803921,0.388279786962483,1239587.0
weighted avg,0.9468275786379287,0.569396097248519,0.7025226109189932,1239587.0
